AclI;AACGTT
HindIII HindIII-HF®;AAGCTT
SspI SspI-HF®;AATATT
MluCI;AATT
PciI;ACATGT
AgeI AgeI-HF®;ACCGGT
MluI MluI-HF®;ACGCGT
HpyCH4IV;ACGT
SpeI SpeI-HF®;ACTAGT
BglII;AGATCT
AfeI;AGCGCT
AluI;AGCT
StuI;AGGCCT
ScaI-HF®;AGTACT
BspDI ClaI;ATCGAT
NsiI NsiI-HF®;ATGCAT
AseI;ATTAAT
SwaI;ATTTAAAT
MfeI MfeI-HF®;CAATTG
PmlI;CACGTG
PvuII PvuII-HF®;CAGCTG
NdeI;CATATG
CviAII;CATG
FatI;CATG
NcoI NcoI-HF®;CCATGG
TspMI XmaI;CCCGGG
SmaI;CCCGGG
SacII;CCGCGG
HpaII MspI;CCGG
AvrII;CCTAGG
SbfI SbfI-HF®;CCTGCAGG
PvuI PvuI-HF®;CGATCG
BstUI;CGCG
EagI EagI-HF®;CGGCCG
BsiWI BsiWI-HF®;CGTACG
BfaI;CTAG
PaeR7I XhoI;CTCGAG
PstI PstI-HF®;CTGCAG
AflII;CTTAAG
EcoRI EcoRI-HF®;GAATTC
AatII;GACGTC
ZraI;GACGTC
Eco53kI;GAGCTC
SacI SacI-HF®;GAGCTC
EcoRV EcoRV-HF®;GATATC
Sau3AI MboI DpnII;GATC
DpnI;GATC
SphI SphI-HF®;GCATGC
SrfI;GCCCGGGC
NaeI;GCCGGC
NgoMIV;GCCGGC
AsiSI;GCGATCGC
HinP1I;GCGC
HhaI;GCGC
BssHII;GCGCGC
NotI NotI-HF®;GCGGCCGC
BmtI BmtI-HF®;GCTAGC
NheI-HF® NheI;GCTAGC
BamHI BamHI-HF®;GGATCC
HaeIII;GGCC
FseI;GGCCGGCC
NarI;GGCGCC
PluTI;GGCGCC
SfoI;GGCGCC
KasI;GGCGCC
AscI;GGCGCGCC
PspOMI;GGGCCC
ApaI;GGGCCC
Acc65I;GGTACC
KpnI KpnI-HF®;GGTACC
RsaI;GTAC
CviQI;GTAC
SalI SalI-HF®;GTCGAC
ApaLI;GTGCAC
HpaI;GTTAAC
PmeI;GTTTAAAC
SnaBI;TACGTA
BspHI;TCATGA
BspEI;TCCGGA
TaqαI;TCGA
NruI NruI-HF®;TCGCGA
XbaI;TCTAGA
BclI BclI-HF;TGATCA
HpyCH4V;TGCA
FspI;TGCGCA
MscI;TGGCCA
BsrGI BsrGI-HF®;TGTACA
MseI;TTAA
PacI;TTAATTAA
PsiI;TTATAA
BstBI;TTCGAA
DraI;TTTAAA
